code,name,serial,city,writer,date
111102005001,세종대로,0,서울특별시,db9292@naver.com,2020-03-16 19:35
111102005001,세종대로,1,서울특별시,db9292@naver.com,2020-03-16 19:35
111102005001,세종대로,2,서울특별시,db9292@naver.com,2020-03-16 19:35
111102100001,삼일대로,0,서울특별시,db9292@naver.com,2020-03-16 19:35
111102100001,삼일대로,1,서울특별시,db9292@naver.com,2020-03-16 19:35
111102100001,삼일대로,2,서울특별시,db9292@naver.com,2020-03-16 19:35
111102100001,삼일대로,3,서울특별시,db9292@naver.com,2020-03-16 19:35
111102100001,삼일대로,4,서울특별시,db9292@naver.com,2020-03-16 19:35
111102100001,삼일대로,5,서울특별시,db9292@naver.com,2020-03-16 19:35
111102100001,삼일대로,6,서울특별시,db9292@naver.com,2020-03-16 19:35
111102100002,필운대로,0,서울특별시,db9292@naver.com,2020-03-16 19:35
111102100002,필운대로,1,서울특별시,db9292@naver.com,2020-03-16 19:35
111102100002,필운대로,2,서울특별시,db9292@naver.com,2020-03-16 19:35
111102100002,필운대로,3,서울특별시,db9292@naver.com,2020-03-16 19:35
111102100002,필운대로,4,서울특별시,db9292@naver.com,2020-03-16 19:35
111102100002,필운대로,5,서울특별시,db9292@naver.com,2020-03-16 19:35
111103000008,통일로,0,서울특별시,db9292@naver.com,2020-03-16 19:35
111103000008,통일로,1,서울특별시,db9292@naver.com,2020-03-16 19:35
111103000008,통일로,2,서울특별시,db9292@naver.com,2020-03-16 19:35
111103000008,통일로,3,서울특별시,db9292@naver.com,2020-03-16 19:35
111103000008,통일로,4,서울특별시,db9292@naver.com,2020-03-16 19:35
111103000008,통일로,5,서울특별시,db9292@naver.com,2020-03-16 19:35
111103000008,통일로,6,서울특별시,db9292@naver.com,2020-03-16 19:35
111103005001,동호로,0,서울특별시,db9292@naver.com,2020-03-16 19:35
111103005001,동호로,1,서울특별시,db9292@naver.com,2020-03-16 19:35
111103005002,무교로,0,서울특별시,db9292@naver.com,2020-03-16 19:35
111103005002,무교로,1,서울특별시,db9292@naver.com,2020-03-16 19:35
111103005003,보문로,0,서울특별시,db9292@naver.com,2020-03-16 19:35
111103005003,보문로,1,서울특별시,db9292@naver.com,2020-03-16 19:35
111103005004,새문안로,0,서울특별시,db9292@naver.com,2020-03-16 19:35
111103005004,새문안로,1,서울특별시,db9292@naver.com,2020-03-16 19:35
111103005004,새문안로,2,서울특별시,db9292@naver.com,2020-03-16 19:35
111103005004,새문안로,3,서울특별시,db9292@naver.com,2020-03-16 19:35
111103005004,새문안로,4,서울특별시,db9292@naver.com,2020-03-16 19:35
111103005004,새문안로,5,서울특별시,db9292@naver.com,2020-03-16 19:35
111103005005,세검정로,0,서울특별시,db9292@naver.com,2020-03-16 19:35
111103005005,세검정로,1,서울특별시,db9292@naver.com,2020-03-16 19:35
111103005005,세검정로,2,서울특별시,db9292@naver.com,2020-03-16 19:35
111103005005,세검정로,3,서울특별시,db9292@naver.com,2020-03-16 19:35
111103005006,수표로,0,서울특별시,db9292@naver.com,2020-03-16 19:35
111103005006,수표로,1,서울특별시,db9292@naver.com,2020-03-16 19:35
111103005006,수표로,2,서울특별시,db9292@naver.com,2020-03-16 19:35
111103005006,수표로,3,서울특별시,db9292@naver.com,2020-03-16 19:35
111103005006,수표로,4,서울특별시,db9292@naver.com,2020-03-16 19:35
111103005007,지봉로,0,서울특별시,db9292@naver.com,2020-03-16 19:35
111103005007,지봉로,1,서울특별시,db9292@naver.com,2020-03-16 19:35
111103005007,지봉로,2,서울특별시,db9292@naver.com,2020-03-16 19:35
111103005008,창경궁로,0,서울특별시,db9292@naver.com,2020-03-16 19:35
111103005008,창경궁로,1,서울특별시,db9292@naver.com,2020-03-16 19:35
111103005008,창경궁로,2,서울특별시,db9292@naver.com,2020-03-16 19:35
111103005008,창경궁로,3,서울특별시,db9292@naver.com,2020-03-16 19:35
111103005008,창경궁로,4,서울특별시,db9292@naver.com,2020-03-16 19:35
111103005008,창경궁로,5,서울특별시,db9292@naver.com,2020-03-16 19:35
111103005008,창경궁로,6,서울특별시,db9292@naver.com,2020-03-16 19:35
111103005008,창경궁로,7,서울특별시,db9292@naver.com,2020-03-16 19:35
111103005008,창경궁로,8,서울특별시,db9292@naver.com,2020-03-16 19:35
111103005008,창경궁로,9,서울특별시,db9292@naver.com,2020-03-16 19:35
111103005008,창경궁로,10,서울특별시,db9292@naver.com,2020-03-16 19:35
111103100001,김상옥로,0,서울특별시,db9292@naver.com,2020-03-16 19:35
111103100001,김상옥로,1,서울특별시,db9292@naver.com,2020-03-16 19:35
111103100001,김상옥로,2,서울특별시,db9292@naver.com,2020-03-16 19:35
111103100001,김상옥로,3,서울특별시,db9292@naver.com,2020-03-16 19:35
111103100001,김상옥로,4,서울특별시,db9292@naver.com,2020-03-16 19:35
111103100001,김상옥로,5,서울특별시,db9292@naver.com,2020-03-16 19:35
111103100002,대학로,0,서울특별시,db9292@naver.com,2020-03-16 19:35
111103100002,대학로,1,서울특별시,db9292@naver.com,2020-03-16 19:35
111103100002,대학로,2,서울특별시,db9292@naver.com,2020-03-16 19:35
111103100002,대학로,3,서울특별시,db9292@naver.com,2020-03-16 19:35
111103100002,대학로,4,서울특별시,db9292@naver.com,2020-03-16 19:35
111103100002,대학로,5,서울특별시,db9292@naver.com,2020-03-16 19:35
111103100002,대학로,6,서울특별시,db9292@naver.com,2020-03-16 19:35
111103100002,대학로,7,서울특별시,db9292@naver.com,2020-03-16 19:35
111103100002,대학로,8,서울특별시,db9292@naver.com,2020-03-16 19:35
111103100003,돈화문로,0,서울특별시,db9292@naver.com,2020-03-16 19:35
111103100003,돈화문로,1,서울특별시,db9292@naver.com,2020-03-16 19:35
111103100003,돈화문로,2,서울특별시,db9292@naver.com,2020-03-16 19:35
111103100003,돈화문로,3,서울특별시,db9292@naver.com,2020-03-16 19:35
111103100003,돈화문로,4,서울특별시,db9292@naver.com,2020-03-16 19:35
111103100003,돈화문로,5,서울특별시,db9292@naver.com,2020-03-16 19:35
111103100004,북촌로,0,서울특별시,db9292@naver.com,2020-03-16 19:35
111103100004,북촌로,1,서울특별시,db9292@naver.com,2020-03-16 19:35
111103100004,북촌로,2,서울특별시,db9292@naver.com,2020-03-16 19:35
111103100004,북촌로,3,서울특별시,db9292@naver.com,2020-03-16 19:35
111103100004,북촌로,4,서울특별시,db9292@naver.com,2020-03-16 19:35
111103100004,북촌로,5,서울특별시,db9292@naver.com,2020-03-16 19:35
111103100005,사직로,0,서울특별시,db9292@naver.com,2020-03-16 19:35
111103100005,사직로,1,서울특별시,db9292@naver.com,2020-03-16 19:35
111103100005,사직로,2,서울특별시,db9292@naver.com,2020-03-16 19:35
111103100005,사직로,3,서울특별시,db9292@naver.com,2020-03-16 19:35
111103100005,사직로,4,서울특별시,db9292@naver.com,2020-03-16 19:35
111103100005,사직로,5,서울특별시,db9292@naver.com,2020-03-16 19:35
111103100005,사직로,6,서울특별시,db9292@naver.com,2020-03-16 19:35
111103100005,사직로,7,서울특별시,db9292@naver.com,2020-03-16 19:35
111103100006,삼봉로,0,서울특별시,db9292@naver.com,2020-03-16 19:35
111103100006,삼봉로,1,서울특별시,db9292@naver.com,2020-03-16 19:35
111103100006,삼봉로,2,서울특별시,db9292@naver.com,2020-03-16 19:35
111103100006,삼봉로,3,서울특별시,db9292@naver.com,2020-03-16 19:35
111103100006,삼봉로,4,서울특별시,db9292@naver.com,2020-03-16 19:35
111103100007,삼청로,0,서울특별시,db9292@naver.com,2020-03-16 19:35
111103100007,삼청로,1,서울특별시,db9292@naver.com,2020-03-16 19:35
111103100007,삼청로,2,서울특별시,db9292@naver.com,2020-03-16 19:35
111103100007,삼청로,3,서울특별시,db9292@naver.com,2020-03-16 19:35
111103100007,삼청로,4,서울특별시,db9292@naver.com,2020-03-16 19:35
111103100007,삼청로,5,서울특별시,db9292@naver.com,2020-03-16 19:35
111103100007,삼청로,6,서울특별시,db9292@naver.com,2020-03-16 19:35
111103100008,성균관로,0,서울특별시,db9292@naver.com,2020-03-16 19:35
111103100008,성균관로,1,서울특별시,db9292@naver.com,2020-03-16 19:35
111103100008,성균관로,2,서울특별시,db9292@naver.com,2020-03-16 19:35
111103100008,성균관로,3,서울특별시,db9292@naver.com,2020-03-16 19:35
111103100008,성균관로,4,서울특별시,db9292@naver.com,2020-03-16 19:35
111103100008,성균관로,5,서울특별시,db9292@naver.com,2020-03-16 19:35
111103100009,우정국로,0,서울특별시,db9292@naver.com,2020-03-16 19:35
111103100009,우정국로,1,서울특별시,db9292@naver.com,2020-03-16 19:35
111103100009,우정국로,2,서울특별시,db9292@naver.com,2020-03-16 19:35
111103100009,우정국로,3,서울특별시,db9292@naver.com,2020-03-16 19:35
111103100009,우정국로,4,서울특별시,db9292@naver.com,2020-03-16 19:35
111103100009,우정국로,5,서울특별시,db9292@naver.com,2020-03-16 19:35
111103100009,우정국로,6,서울특별시,db9292@naver.com,2020-03-16 19:35
111103100010,율곡로,0,서울특별시,db9292@naver.com,2020-03-16 19:35
111103100010,율곡로,1,서울특별시,db9292@naver.com,2020-03-16 19:35
111103100010,율곡로,2,서울특별시,db9292@naver.com,2020-03-16 19:35
111103100010,율곡로,3,서울특별시,db9292@naver.com,2020-03-16 19:35
111103100010,율곡로,4,서울특별시,db9292@naver.com,2020-03-16 19:35
111103100010,율곡로,5,서울특별시,db9292@naver.com,2020-03-16 19:35
111103100010,율곡로,6,서울특별시,db9292@naver.com,2020-03-16 19:35
111103100010,율곡로,7,서울특별시,db9292@naver.com,2020-03-16 19:35
111103100010,율곡로,8,서울특별시,db9292@naver.com,2020-03-16 19:35
111103100010,율곡로,9,서울특별시,db9292@naver.com,2020-03-16 19:35
111103100010,율곡로,10,서울특별시,db9292@naver.com,2020-03-16 19:35
111103100010,율곡로,11,서울특별시,db9292@naver.com,2020-03-16 19:35
111103100010,율곡로,12,서울특별시,db9292@naver.com,2020-03-16 19:35
111103100010,율곡로,13,서울특별시,db9292@naver.com,2020-03-16 19:35
111103100010,율곡로,14,서울특별시,db9292@naver.com,2020-03-16 19:35
111103100010,율곡로,15,서울특별시,db9292@naver.com,2020-03-16 19:35
111103100010,율곡로,16,서울특별시,db9292@naver.com,2020-03-16 19:35
111103100010,율곡로,17,서울특별시,db9292@naver.com,2020-03-16 19:35
111103100010,율곡로,18,서울특별시,db9292@naver.com,2020-03-16 19:35
111103100010,율곡로,19,서울특별시,db9292@naver.com,2020-03-16 19:35
111103100011,인왕산로,0,서울특별시,db9292@naver.com,2020-03-16 19:35
111103100011,인왕산로,1,서울특별시,db9292@naver.com,2020-03-16 19:35
111103100011,인왕산로,2,서울특별시,db9292@naver.com,2020-03-16 19:35
111103100012,자하문로,0,서울특별시,db9292@naver.com,2020-03-16 19:35
111103100012,자하문로,1,서울특별시,db9292@naver.com,2020-03-16 19:35
111103100012,자하문로,2,서울특별시,db9292@naver.com,2020-03-16 19:35
111103100012,자하문로,3,서울특별시,db9292@naver.com,2020-03-16 19:35
111103100012,자하문로,4,서울특별시,db9292@naver.com,2020-03-16 19:35
111103100012,자하문로,5,서울특별시,db9292@naver.com,2020-03-16 19:35
111103100012,자하문로,6,서울특별시,db9292@naver.com,2020-03-16 19:35
111103100012,자하문로,7,서울특별시,db9292@naver.com,2020-03-16 19:35
111103100012,자하문로,8,서울특별시,db9292@naver.com,2020-03-16 19:35
111103100012,자하문로,9,서울특별시,db9292@naver.com,2020-03-16 19:35
111103100012,자하문로,10,서울특별시,db9292@naver.com,2020-03-16 19:35
111103100012,자하문로,11,서울특별시,db9292@naver.com,2020-03-16 19:35
111103100012,자하문로,12,서울특별시,db9292@naver.com,2020-03-16 19:35
111103100012,자하문로,13,서울특별시,db9292@naver.com,2020-03-16 19:35
111103100013,종로,0,서울특별시,db9292@naver.com,2020-03-16 19:35
111103100013,종로,1,서울특별시,db9292@naver.com,2020-03-16 19:35
111103100013,종로,2,서울특별시,db9292@naver.com,2020-03-16 19:35
111103100013,종로,3,서울특별시,db9292@naver.com,2020-03-16 19:35
111103100013,종로,4,서울특별시,db9292@naver.com,2020-03-16 19:35
111103100013,종로,5,서울특별시,db9292@naver.com,2020-03-16 19:35
111103100013,종로,6,서울특별시,db9292@naver.com,2020-03-16 19:35
111103100013,종로,7,서울특별시,db9292@naver.com,2020-03-16 19:35
111103100013,종로,8,서울특별시,db9292@naver.com,2020-03-16 19:35
111103100013,종로,9,서울특별시,db9292@naver.com,2020-03-16 19:35
111103100013,종로,10,서울특별시,db9292@naver.com,2020-03-16 19:35
111103100013,종로,11,서울특별시,db9292@naver.com,2020-03-16 19:35
111103100013,종로,12,서울특별시,db9292@naver.com,2020-03-16 19:35
111103100013,종로,13,서울특별시,db9292@naver.com,2020-03-16 19:35
111103100013,종로,14,서울특별시,db9292@naver.com,2020-03-16 19:35
111103100013,종로,15,서울특별시,db9292@naver.com,2020-03-16 19:35
111103100014,창의문로,0,서울특별시,db9292@naver.com,2020-03-16 19:35
111103100014,창의문로,1,서울특별시,db9292@naver.com,2020-03-16 19:35
111103100014,창의문로,2,서울특별시,db9292@naver.com,2020-03-16 19:35
111103100014,창의문로,3,서울특별시,db9292@naver.com,2020-03-16 19:35
111103100015,청와대로,0,서울특별시,db9292@naver.com,2020-03-16 19:35
111103100015,청와대로,1,서울특별시,db9292@naver.com,2020-03-16 19:35
111103100015,청와대로,2,서울특별시,db9292@naver.com,2020-03-16 19:35
111103100017,효자로,0,서울특별시,db9292@naver.com,2020-03-16 19:35
111103100017,효자로,1,서울특별시,db9292@naver.com,2020-03-16 19:35
111103100017,효자로,2,서울특별시,db9292@naver.com,2020-03-16 19:35
111103100017,효자로,3,서울특별시,db9292@naver.com,2020-03-16 19:35
111103100017,효자로,4,서울특별시,db9292@naver.com,2020-03-16 19:35
111103100017,효자로,5,서울특별시,db9292@naver.com,2020-03-16 19:35
111103100017,효자로,6,서울특별시,db9292@naver.com,2020-03-16 19:35
111103100018,난계로,0,서울특별시,db9292@naver.com,2020-03-16 19:35
111103100018,난계로,1,서울특별시,db9292@naver.com,2020-03-16 19:35
111103100019,북악산로,0,서울특별시,db9292@naver.com,2020-03-16 19:35
111103100019,북악산로,1,서울특별시,db9292@naver.com,2020-03-16 19:35
111103100019,북악산로,2,서울특별시,db9292@naver.com,2020-03-16 19:35
111103100020,진흥로,0,서울특별시,db9292@naver.com,2020-03-16 19:35
111103100020,진흥로,1,서울특별시,db9292@naver.com,2020-03-16 19:35
111103100020,진흥로,2,서울특별시,db9292@naver.com,2020-03-16 19:35
111103100021,청계천로,0,서울특별시,db9292@naver.com,2020-03-16 19:35
111103100021,청계천로,1,서울특별시,db9292@naver.com,2020-03-16 19:35
111103100021,청계천로,2,서울특별시,db9292@naver.com,2020-03-16 19:35
111103100021,청계천로,3,서울특별시,db9292@naver.com,2020-03-16 19:35
111103100021,청계천로,4,서울특별시,db9292@naver.com,2020-03-16 19:35
111103100021,청계천로,5,서울특별시,db9292@naver.com,2020-03-16 19:35
111103100021,청계천로,6,서울특별시,db9292@naver.com,2020-03-16 19:35
111103100021,청계천로,7,서울특별시,db9292@naver.com,2020-03-16 19:35
111103100021,청계천로,8,서울특별시,db9292@naver.com,2020-03-16 19:35
111103100021,청계천로,9,서울특별시,db9292@naver.com,2020-03-16 19:35
111103100021,청계천로,10,서울특별시,db9292@naver.com,2020-03-16 19:35
111103100022,혜화로,0,서울특별시,db9292@naver.com,2020-03-16 19:35
111103100022,혜화로,1,서울특별시,db9292@naver.com,2020-03-16 19:35
111103100022,혜화로,2,서울특별시,db9292@naver.com,2020-03-16 19:35
111103100022,혜화로,3,서울특별시,db9292@naver.com,2020-03-16 19:35
111103100023,평창문화로,0,서울특별시,db9292@naver.com,2020-03-16 19:35
111103100023,평창문화로,1,서울특별시,db9292@naver.com,2020-03-16 19:35
111103100023,평창문화로,2,서울특별시,db9292@naver.com,2020-03-16 19:35
111104100001,경교장1길,0,서울특별시,db9292@naver.com,2020-03-16 19:35
111104100001,경교장1길,1,서울특별시,db9292@naver.com,2020-03-16 19:35
111104100001,경교장1길,2,서울특별시,db9292@naver.com,2020-03-16 19:35
111104100001,경교장1길,3,서울특별시,db9292@naver.com,2020-03-16 19:35
111104100002,경교장길,0,서울특별시,db9292@naver.com,2020-03-16 19:35
111104100002,경교장길,1,서울특별시,db9292@naver.com,2020-03-16 19:35
111104100002,경교장길,2,서울특별시,db9292@naver.com,2020-03-16 19:35
111104100002,경교장길,3,서울특별시,db9292@naver.com,2020-03-16 19:35
111104100003,경희궁1가길,0,서울특별시,db9292@naver.com,2020-03-16 19:35
111104100003,경희궁1가길,1,서울특별시,db9292@naver.com,2020-03-16 19:35
111104100004,경희궁1길,0,서울특별시,db9292@naver.com,2020-03-16 19:35
111104100004,경희궁1길,1,서울특별시,db9292@naver.com,2020-03-16 19:35
111104100005,경희궁2길,0,서울특별시,db9292@naver.com,2020-03-16 19:35
111104100005,경희궁2길,1,서울특별시,db9292@naver.com,2020-03-16 19:35
111104100005,경희궁2길,2,서울특별시,db9292@naver.com,2020-03-16 19:35
111104100006,경희궁3가길,0,서울특별시,db9292@naver.com,2020-03-16 19:35
111104100006,경희궁3가길,1,서울특별시,db9292@naver.com,2020-03-16 19:35
111104100006,경희궁3가길,2,서울특별시,db9292@naver.com,2020-03-16 19:35
111104100007,경희궁3길,0,서울특별시,db9292@naver.com,2020-03-16 19:35
111104100007,경희궁3길,1,서울특별시,db9292@naver.com,2020-03-16 19:35
111104100007,경희궁3길,2,서울특별시,db9292@naver.com,2020-03-16 19:35
111104100008,경희궁3나길,0,서울특별시,db9292@naver.com,2020-03-16 19:35
111104100008,경희궁3나길,1,서울특별시,db9292@naver.com,2020-03-16 19:35
111104100008,경희궁3나길,2,서울특별시,db9292@naver.com,2020-03-16 19:35
111104100009,경희궁4길,0,서울특별시,db9292@naver.com,2020-03-16 19:35
111104100009,경희궁4길,1,서울특별시,db9292@naver.com,2020-03-16 19:35
111104100009,경희궁4길,2,서울특별시,db9292@naver.com,2020-03-16 19:35
111104100010,경희궁길,0,서울특별시,db9292@naver.com,2020-03-16 19:35
111104100010,경희궁길,1,서울특별시,db9292@naver.com,2020-03-16 19:35
111104100010,경희궁길,2,서울특별시,db9292@naver.com,2020-03-16 19:35
111104100010,경희궁길,3,서울특별시,db9292@naver.com,2020-03-16 19:35
111104100011,계동2길,0,서울특별시,db9292@naver.com,2020-03-16 19:35
111104100011,계동2길,1,서울특별시,db9292@naver.com,2020-03-16 19:35
111104100012,계동4길,0,서울특별시,db9292@naver.com,2020-03-16 19:35
111104100012,계동4길,1,서울특별시,db9292@naver.com,2020-03-16 19:35
111104100013,계동6길,0,서울특별시,db9292@naver.com,2020-03-16 19:35
111104100013,계동6길,1,서울특별시,db9292@naver.com,2020-03-16 19:35
111104100014,계동길,0,서울특별시,db9292@naver.com,2020-03-16 19:35
111104100014,계동길,1,서울특별시,db9292@naver.com,2020-03-16 19:35
111104100014,계동길,2,서울특별시,db9292@naver.com,2020-03-16 19:35
111104100015,낙산1길,0,서울특별시,db9292@naver.com,2020-03-16 19:35
111104100015,낙산1길,1,서울특별시,db9292@naver.com,2020-03-16 19:35
111104100016,낙산2길,0,서울특별시,db9292@naver.com,2020-03-16 19:35
111104100016,낙산2길,1,서울특별시,db9292@naver.com,2020-03-16 19:35
111104100017,낙산3길,0,서울특별시,db9292@naver.com,2020-03-16 19:35
111104100017,낙산3길,1,서울특별시,db9292@naver.com,2020-03-16 19:35
111104100018,낙산4길,0,서울특별시,db9292@naver.com,2020-03-16 19:35
111104100018,낙산4길,1,서울특별시,db9292@naver.com,2020-03-16 19:35
111104100018,낙산4길,2,서울특별시,db9292@naver.com,2020-03-16 19:35
111104100019,낙산5길,0,서울특별시,db9292@naver.com,2020-03-16 19:35
111104100019,낙산5길,1,서울특별시,db9292@naver.com,2020-03-16 19:35
111104100020,낙산길,0,서울특별시,db9292@naver.com,2020-03-16 19:35
111104100020,낙산길,1,서울특별시,db9292@naver.com,2020-03-16 19:35
111104100020,낙산길,2,서울특별시,db9292@naver.com,2020-03-16 19:35
111104100020,낙산길,3,서울특별시,db9292@naver.com,2020-03-16 19:35
111104100021,낙산성곽1길,0,서울특별시,db9292@naver.com,2020-03-16 19:35
111104100021,낙산성곽1길,1,서울특별시,db9292@naver.com,2020-03-16 19:35
111104100022,낙산성곽길,0,서울특별시,db9292@naver.com,2020-03-16 19:35
111104100022,낙산성곽길,1,서울특별시,db9292@naver.com,2020-03-16 19:35
111104100023,낙산성곽동길,0,서울특별시,db9292@naver.com,2020-03-16 19:35
111104100023,낙산성곽동길,1,서울특별시,db9292@naver.com,2020-03-16 19:35
111104100024,낙산성곽서1길,0,서울특별시,db9292@naver.com,2020-03-16 19:35
111104100024,낙산성곽서1길,1,서울특별시,db9292@naver.com,2020-03-16 19:35
111104100025,낙산성곽서길,0,서울특별시,db9292@naver.com,2020-03-16 19:35
111104100025,낙산성곽서길,1,서울특별시,db9292@naver.com,2020-03-16 19:35
111104100025,낙산성곽서길,2,서울특별시,db9292@naver.com,2020-03-16 19:35
111104100025,낙산성곽서길,3,서울특별시,db9292@naver.com,2020-03-16 19:35
111104100025,낙산성곽서길,4,서울특별시,db9292@naver.com,2020-03-16 19:35
111104100025,낙산성곽서길,5,서울특별시,db9292@naver.com,2020-03-16 19:35
111104100027,난계로25길,0,서울특별시,db9292@naver.com,2020-03-16 19:35
111104100027,난계로25길,1,서울특별시,db9292@naver.com,2020-03-16 19:35
111104100028,난계로27길,0,서울특별시,db9292@naver.com,2020-03-16 19:35
111104100028,난계로27길,1,서울특별시,db9292@naver.com,2020-03-16 19:35
111104100029,난계로29가길,0,서울특별시,db9292@naver.com,2020-03-16 19:35
111104100029,난계로29가길,1,서울특별시,db9292@naver.com,2020-03-16 19:35
111104100030,난계로29길,0,서울특별시,db9292@naver.com,2020-03-16 19:35
111104100030,난계로29길,1,서울특별시,db9292@naver.com,2020-03-16 19:35
111104100031,대명1길,0,서울특별시,db9292@naver.com,2020-03-16 19:35
111104100031,대명1길,1,서울특별시,db9292@naver.com,2020-03-16 19:35
111104100032,대명길,0,서울특별시,db9292@naver.com,2020-03-16 19:35
111104100032,대명길,1,서울특별시,db9292@naver.com,2020-03-16 19:35
111104100032,대명길,2,서울특별시,db9292@naver.com,2020-03-16 19:35
111104100033,대학로10길,0,서울특별시,db9292@naver.com,2020-03-16 19:35
111104100033,대학로10길,1,서울특별시,db9292@naver.com,2020-03-16 19:35
111104100034,대학로11길,0,서울특별시,db9292@naver.com,2020-03-16 19:35
111104100034,대학로11길,1,서울특별시,db9292@naver.com,2020-03-16 19:35
111104100035,대학로12길,0,서울특별시,db9292@naver.com,2020-03-16 19:35
111104100035,대학로12길,1,서울특별시,db9292@naver.com,2020-03-16 19:35
111104100036,대학로14길,0,서울특별시,db9292@naver.com,2020-03-16 19:35
111104100036,대학로14길,1,서울특별시,db9292@naver.com,2020-03-16 19:35
111104100037,대학로1길,0,서울특별시,db9292@naver.com,2020-03-16 19:35
111104100037,대학로1길,1,서울특별시,db9292@naver.com,2020-03-16 19:35
111104100037,대학로1길,2,서울특별시,db9292@naver.com,2020-03-16 19:35
111104100037,대학로1길,3,서울특별시,db9292@naver.com,2020-03-16 19:35
111104100038,대학로2길,0,서울특별시,db9292@naver.com,2020-03-16 19:35
111104100038,대학로2길,1,서울특별시,db9292@naver.com,2020-03-16 19:35
111104100038,대학로2길,2,서울특별시,db9292@naver.com,2020-03-16 19:35
111104100039,대학로3길,0,서울특별시,db9292@naver.com,2020-03-16 19:35
111104100039,대학로3길,1,서울특별시,db9292@naver.com,2020-03-16 19:35
111104100039,대학로3길,2,서울특별시,db9292@naver.com,2020-03-16 19:35
111104100040,대학로5가길,0,서울특별시,db9292@naver.com,2020-03-16 19:35
111104100040,대학로5가길,1,서울특별시,db9292@naver.com,2020-03-16 19:35
111104100041,대학로5길,0,서울특별시,db9292@naver.com,2020-03-16 19:35
111104100041,대학로5길,1,서울특별시,db9292@naver.com,2020-03-16 19:35
111104100042,대학로7길,0,서울특별시,db9292@naver.com,2020-03-16 19:35
111104100042,대학로7길,1,서울특별시,db9292@naver.com,2020-03-16 19:35
111104100043,대학로8가길,0,서울특별시,db9292@naver.com,2020-03-16 19:35
111104100043,대학로8가길,1,서울특별시,db9292@naver.com,2020-03-16 19:35
111104100044,대학로8길,0,서울특별시,db9292@naver.com,2020-03-16 19:35
111104100044,대학로8길,1,서울특별시,db9292@naver.com,2020-03-16 19:35
111104100045,대학로9가길,0,서울특별시,db9292@naver.com,2020-03-16 19:35
111104100045,대학로9가길,1,서울특별시,db9292@naver.com,2020-03-16 19:35
111104100046,대학로9길,0,서울특별시,db9292@naver.com,2020-03-16 19:35
111104100046,대학로9길,1,서울특별시,db9292@naver.com,2020-03-16 19:35
111104100048,돈화문로10가길,0,서울특별시,db9292@naver.com,2020-03-16 19:35
111104100048,돈화문로10가길,1,서울특별시,db9292@naver.com,2020-03-16 19:35
111104100049,돈화문로10길,0,서울특별시,db9292@naver.com,2020-03-16 19:35
111104100049,돈화문로10길,1,서울특별시,db9292@naver.com,2020-03-16 19:35
111104100049,돈화문로10길,2,서울특별시,db9292@naver.com,2020-03-16 19:35
111104100050,돈화문로11가길,0,서울특별시,db9292@naver.com,2020-03-16 19:35
111104100050,돈화문로11가길,1,서울특별시,db9292@naver.com,2020-03-16 19:35
111104100050,돈화문로11가길,2,서울특별시,db9292@naver.com,2020-03-16 19:35
111104100050,돈화문로11가길,3,서울특별시,db9292@naver.com,2020-03-16 19:35
111104100050,돈화문로11가길,4,서울특별시,db9292@naver.com,2020-03-16 19:35
111104100050,돈화문로11가길,5,서울특별시,db9292@naver.com,2020-03-16 19:35
111104100051,돈화문로11길,0,서울특별시,db9292@naver.com,2020-03-16 19:35
111104100051,돈화문로11길,1,서울특별시,db9292@naver.com,2020-03-16 19:35
111104100051,돈화문로11길,2,서울특별시,db9292@naver.com,2020-03-16 19:35
111104100051,돈화문로11길,3,서울특별시,db9292@naver.com,2020-03-16 19:35
111104100052,돈화문로11나길,0,서울특별시,db9292@naver.com,2020-03-16 19:35
111104100052,돈화문로11나길,1,서울특별시,db9292@naver.com,2020-03-16 19:35
111104100052,돈화문로11나길,2,서울특별시,db9292@naver.com,2020-03-16 19:35
111104100053,돈화문로11다길,0,서울특별시,db9292@naver.com,2020-03-16 19:35
111104100053,돈화문로11다길,1,서울특별시,db9292@naver.com,2020-03-16 19:35
111104100053,돈화문로11다길,2,서울특별시,db9292@naver.com,2020-03-16 19:35
111104100053,돈화문로11다길,3,서울특별시,db9292@naver.com,2020-03-16 19:35
111104100054,돈화문로2길,0,서울특별시,db9292@naver.com,2020-03-16 19:35
111104100054,돈화문로2길,1,서울특별시,db9292@naver.com,2020-03-16 19:35
111104100055,돈화문로4길,0,서울특별시,db9292@naver.com,2020-03-16 19:35
111104100055,돈화문로4길,1,서울특별시,db9292@naver.com,2020-03-16 19:35
111104100055,돈화문로4길,2,서울특별시,db9292@naver.com,2020-03-16 19:35
111104100056,돈화문로5가길,0,서울특별시,db9292@naver.com,2020-03-16 19:35
111104100056,돈화문로5가길,1,서울특별시,db9292@naver.com,2020-03-16 19:35
111104100056,돈화문로5가길,2,서울특별시,db9292@naver.com,2020-03-16 19:35
111104100057,돈화문로5길,0,서울특별시,db9292@naver.com,2020-03-16 19:35
111104100057,돈화문로5길,1,서울특별시,db9292@naver.com,2020-03-16 19:35
111104100057,돈화문로5길,2,서울특별시,db9292@naver.com,2020-03-16 19:35
111104100058,돈화문로6가길,0,서울특별시,db9292@naver.com,2020-03-16 19:35
111104100058,돈화문로6가길,1,서울특별시,db9292@naver.com,2020-03-16 19:35
111104100058,돈화문로6가길,2,서울특별시,db9292@naver.com,2020-03-16 19:35
111104100059,돈화문로6길,0,서울특별시,db9292@naver.com,2020-03-16 19:35
111104100059,돈화문로6길,1,서울특별시,db9292@naver.com,2020-03-16 19:35
111104100060,돈화문로6나길,0,서울특별시,db9292@naver.com,2020-03-16 19:35
111104100060,돈화문로6나길,1,서울특별시,db9292@naver.com,2020-03-16 19:35
111104100061,돈화문로8길,0,서울특별시,db9292@naver.com,2020-03-16 19:35
111104100061,돈화문로8길,1,서울특별시,db9292@naver.com,2020-03-16 19:35
111104100062,돈화문로9가길,0,서울특별시,db9292@naver.com,2020-03-16 19:35
111104100062,돈화문로9가길,1,서울특별시,db9292@naver.com,2020-03-16 19:35
111104100063,돈화문로9길,0,서울특별시,db9292@naver.com,2020-03-16 19:35
111104100063,돈화문로9길,1,서울특별시,db9292@naver.com,2020-03-16 19:35
111104100063,돈화문로9길,2,서울특별시,db9292@naver.com,2020-03-16 19:35
111104100063,돈화문로9길,3,서울특별시,db9292@naver.com,2020-03-16 19:35
111104100064,동망산1길,0,서울특별시,db9292@naver.com,2020-03-16 19:35
111104100064,동망산1길,1,서울특별시,db9292@naver.com,2020-03-16 19:35
111104100065,동망산길,0,서울특별시,db9292@naver.com,2020-03-16 19:35
111104100065,동망산길,1,서울특별시,db9292@naver.com,2020-03-16 19:35
111104100065,동망산길,2,서울특별시,db9292@naver.com,2020-03-16 19:35
111104100066,동순라길,0,서울특별시,db9292@naver.com,2020-03-16 19:35
111104100066,동순라길,1,서울특별시,db9292@naver.com,2020-03-16 19:35
111104100066,동순라길,2,서울특별시,db9292@naver.com,2020-03-16 19:35
111104100067,동숭1길,0,서울특별시,db9292@naver.com,2020-03-16 19:35
111104100067,동숭1길,1,서울특별시,db9292@naver.com,2020-03-16 19:35
111104100068,동숭2길,0,서울특별시,db9292@naver.com,2020-03-16 19:35
111104100068,동숭2길,1,서울특별시,db9292@naver.com,2020-03-16 19:35
111104100069,동숭3길,0,서울특별시,db9292@naver.com,2020-03-16 19:35
111104100069,동숭3길,1,서울특별시,db9292@naver.com,2020-03-16 19:35
111104100070,동숭4가길,0,서울특별시,db9292@naver.com,2020-03-16 19:35
111104100070,동숭4가길,1,서울특별시,db9292@naver.com,2020-03-16 19:35
111104100071,동숭4길,0,서울특별시,db9292@naver.com,2020-03-16 19:35
111104100071,동숭4길,1,서울특별시,db9292@naver.com,2020-03-16 19:35
111104100072,동숭4나길,0,서울특별시,db9292@naver.com,2020-03-16 19:35
111104100072,동숭4나길,1,서울특별시,db9292@naver.com,2020-03-16 19:35
111104100073,동숭4다길,0,서울특별시,db9292@naver.com,2020-03-16 19:35
111104100073,동숭4다길,1,서울특별시,db9292@naver.com,2020-03-16 19:35
111104100074,동숭4라길,0,서울특별시,db9292@naver.com,2020-03-16 19:35
111104100074,동숭4라길,1,서울특별시,db9292@naver.com,2020-03-16 19:35
111104100075,동숭길,0,서울특별시,db9292@naver.com,2020-03-16 19:35
111104100075,동숭길,1,서울특별시,db9292@naver.com,2020-03-16 19:35
111104100075,동숭길,2,서울특별시,db9292@naver.com,2020-03-16 19:35
111104100076,동호로38길,0,서울특별시,db9292@naver.com,2020-03-16 19:35
111104100076,동호로38길,1,서울특별시,db9292@naver.com,2020-03-16 19:35
111104100077,명륜10길,0,서울특별시,db9292@naver.com,2020-03-16 19:35
111104100077,명륜10길,1,서울특별시,db9292@naver.com,2020-03-16 19:35
111104100077,명륜10길,2,서울특별시,db9292@naver.com,2020-03-16 19:35
111104100078,명륜1길,0,서울특별시,db9292@naver.com,2020-03-16 19:35
111104100078,명륜1길,1,서울특별시,db9292@naver.com,2020-03-16 19:35
111104100079,명륜2길,0,서울특별시,db9292@naver.com,2020-03-16 19:35
111104100079,명륜2길,1,서울특별시,db9292@naver.com,2020-03-16 19:35
111104100080,명륜3길,0,서울특별시,db9292@naver.com,2020-03-16 19:35
111104100080,명륜3길,1,서울특별시,db9292@naver.com,2020-03-16 19:35
111104100081,명륜4가길,0,서울특별시,db9292@naver.com,2020-03-16 19:35
111104100081,명륜4가길,1,서울특별시,db9292@naver.com,2020-03-16 19:35
111104100082,명륜4길,0,서울특별시,db9292@naver.com,2020-03-16 19:35
111104100082,명륜4길,1,서울특별시,db9292@naver.com,2020-03-16 19:35
111104100083,명륜4나길,0,서울특별시,db9292@naver.com,2020-03-16 19:35
111104100083,명륜4나길,1,서울특별시,db9292@naver.com,2020-03-16 19:35
111104100084,명륜5길,0,서울특별시,db9292@naver.com,2020-03-16 19:35
111104100084,명륜5길,1,서울특별시,db9292@naver.com,2020-03-16 19:35
111104100085,명륜6길,0,서울특별시,db9292@naver.com,2020-03-16 19:35
111104100085,명륜6길,1,서울특별시,db9292@naver.com,2020-03-16 19:35
111104100086,명륜7길,0,서울특별시,db9292@naver.com,2020-03-16 19:35
111104100086,명륜7길,1,서울특별시,db9292@naver.com,2020-03-16 19:35
111104100086,명륜7길,2,서울특별시,db9292@naver.com,2020-03-16 19:35
111104100087,명륜8길,0,서울특별시,db9292@naver.com,2020-03-16 19:35
111104100087,명륜8길,1,서울특별시,db9292@naver.com,2020-03-16 19:35
111104100088,명륜9길,0,서울특별시,db9292@naver.com,2020-03-16 19:35
111104100088,명륜9길,1,서울특별시,db9292@naver.com,2020-03-16 19:35
111104100089,명륜길,0,서울특별시,db9292@naver.com,2020-03-16 19:35
111104100089,명륜길,1,서울특별시,db9292@naver.com,2020-03-16 19:35
111104100089,명륜길,2,서울특별시,db9292@naver.com,2020-03-16 19:35
111104100090,백석동1가길,0,서울특별시,db9292@naver.com,2020-03-16 19:35
111104100090,백석동1가길,1,서울특별시,db9292@naver.com,2020-03-16 19:35
111104100091,백석동1길,0,서울특별시,db9292@naver.com,2020-03-16 19:35
111104100091,백석동1길,1,서울특별시,db9292@naver.com,2020-03-16 19:35
111104100092,백석동2길,0,서울특별시,db9292@naver.com,2020-03-16 19:35
111104100092,백석동2길,1,서울특별시,db9292@naver.com,2020-03-16 19:35
111104100093,백석동3길,0,서울특별시,db9292@naver.com,2020-03-16 19:35
111104100093,백석동3길,1,서울특별시,db9292@naver.com,2020-03-16 19:35
111104100094,백석동길,0,서울특별시,db9292@naver.com,2020-03-16 19:35
111104100094,백석동길,1,서울특별시,db9292@naver.com,2020-03-16 19:35
111104100095,보문로1길,0,서울특별시,db9292@naver.com,2020-03-16 19:35
111104100095,보문로1길,1,서울특별시,db9292@naver.com,2020-03-16 19:35
111104100096,보문로3길,0,서울특별시,db9292@naver.com,2020-03-16 19:35
111104100096,보문로3길,1,서울특별시,db9292@naver.com,2020-03-16 19:35
111104100097,보문로5길,0,서울특별시,db9292@naver.com,2020-03-16 19:35
111104100097,보문로5길,1,서울특별시,db9292@naver.com,2020-03-16 19:35
111104100098,보문로7길,0,서울특별시,db9292@naver.com,2020-03-16 19:35
111104100098,보문로7길,1,서울특별시,db9292@naver.com,2020-03-16 19:35
111104100099,보문로9길,0,서울특별시,db9292@naver.com,2020-03-16 19:35
111104100099,보문로9길,1,서울특별시,db9292@naver.com,2020-03-16 19:35
111104100101,북촌로11가길,0,서울특별시,db9292@naver.com,2020-03-16 19:35
111104100101,북촌로11가길,1,서울특별시,db9292@naver.com,2020-03-16 19:35
111104100102,북촌로11길,0,서울특별시,db9292@naver.com,2020-03-16 19:35
111104100102,북촌로11길,1,서울특별시,db9292@naver.com,2020-03-16 19:35
111104100102,북촌로11길,2,서울특별시,db9292@naver.com,2020-03-16 19:35
111104100102,북촌로11길,3,서울특별시,db9292@naver.com,2020-03-16 19:35
111104100103,북촌로11나길,0,서울특별시,db9292@naver.com,2020-03-16 19:35
111104100103,북촌로11나길,1,서울특별시,db9292@naver.com,2020-03-16 19:35
111104100103,북촌로11나길,2,서울특별시,db9292@naver.com,2020-03-16 19:35
111104100103,북촌로11나길,3,서울특별시,db9292@naver.com,2020-03-16 19:35
111104100104,북촌로11다길,0,서울특별시,db9292@naver.com,2020-03-16 19:35
111104100104,북촌로11다길,1,서울특별시,db9292@naver.com,2020-03-16 19:35
111104100105,북촌로11라길,0,서울특별시,db9292@naver.com,2020-03-16 19:35
111104100105,북촌로11라길,1,서울특별시,db9292@naver.com,2020-03-16 19:35
111104100105,북촌로11라길,2,서울특별시,db9292@naver.com,2020-03-16 19:35
111104100106,북촌로12길,0,서울특별시,db9292@naver.com,2020-03-16 19:35
111104100106,북촌로12길,1,서울특별시,db9292@naver.com,2020-03-16 19:35
111104100106,북촌로12길,2,서울특별시,db9292@naver.com,2020-03-16 19:35
111104100107,북촌로15길,0,서울특별시,db9292@naver.com,2020-03-16 19:35
111104100107,북촌로15길,1,서울특별시,db9292@naver.com,2020-03-16 19:35
111104100108,북촌로1길,0,서울특별시,db9292@naver.com,2020-03-16 19:35
111104100108,북촌로1길,1,서울특별시,db9292@naver.com,2020-03-16 19:35
111104100108,북촌로1길,2,서울특별시,db9292@naver.com,2020-03-16 19:35
111104100109,북촌로2길,0,서울특별시,db9292@naver.com,2020-03-16 19:35
111104100109,북촌로2길,1,서울특별시,db9292@naver.com,2020-03-16 19:35
111104100110,북촌로4길,0,서울특별시,db9292@naver.com,2020-03-16 19:35
111104100110,북촌로4길,1,서울특별시,db9292@naver.com,2020-03-16 19:35
111104100110,북촌로4길,2,서울특별시,db9292@naver.com,2020-03-16 19:35
111104100110,북촌로4길,3,서울특별시,db9292@naver.com,2020-03-16 19:35
111104100111,북촌로5가길,0,서울특별시,db9292@naver.com,2020-03-16 19:35
111104100111,북촌로5가길,1,서울특별시,db9292@naver.com,2020-03-16 19:35
111104100111,북촌로5가길,2,서울특별시,db9292@naver.com,2020-03-16 19:35
111104100112,북촌로5길,0,서울특별시,db9292@naver.com,2020-03-16 19:35
111104100112,북촌로5길,1,서울특별시,db9292@naver.com,2020-03-16 19:35
111104100112,북촌로5길,2,서울특별시,db9292@naver.com,2020-03-16 19:35
111104100112,북촌로5길,3,서울특별시,db9292@naver.com,2020-03-16 19:35
111104100112,북촌로5길,4,서울특별시,db9292@naver.com,2020-03-16 19:35
111104100113,북촌로5나길,0,서울특별시,db9292@naver.com,2020-03-16 19:35
111104100113,북촌로5나길,1,서울특별시,db9292@naver.com,2020-03-16 19:35
111104100113,북촌로5나길,2,서울특별시,db9292@naver.com,2020-03-16 19:35
111104100114,북촌로6길,0,서울특별시,db9292@naver.com,2020-03-16 19:35
111104100114,북촌로6길,1,서울특별시,db9292@naver.com,2020-03-16 19:35
111104100114,북촌로6길,2,서울특별시,db9292@naver.com,2020-03-16 19:35
111104100115,북촌로7길,0,서울특별시,db9292@naver.com,2020-03-16 19:35
111104100115,북촌로7길,1,서울특별시,db9292@naver.com,2020-03-16 19:35
111104100116,북촌로8길,0,서울특별시,db9292@naver.com,2020-03-16 19:35
111104100116,북촌로8길,1,서울특별시,db9292@naver.com,2020-03-16 19:35
111104100116,북촌로8길,2,서울특별시,db9292@naver.com,2020-03-16 19:35
111104100117,북촌로9길,0,서울특별시,db9292@naver.com,2020-03-16 19:35
111104100117,북촌로9길,1,서울특별시,db9292@naver.com,2020-03-16 19:35
111104100118,비봉1길,0,서울특별시,db9292@naver.com,2020-03-16 19:35
111104100118,비봉1길,1,서울특별시,db9292@naver.com,2020-03-16 19:35
111104100119,비봉2길,0,서울특별시,db9292@naver.com,2020-03-16 19:35
111104100119,비봉2길,1,서울특별시,db9292@naver.com,2020-03-16 19:35
111104100120,비봉4길,0,서울특별시,db9292@naver.com,2020-03-16 19:35
111104100120,비봉4길,1,서울특별시,db9292@naver.com,2020-03-16 19:35
111104100121,비봉5길,0,서울특별시,db9292@naver.com,2020-03-16 19:35
111104100121,비봉5길,1,서울특별시,db9292@naver.com,2020-03-16 19:35
111104100122,비봉길,0,서울특별시,db9292@naver.com,2020-03-16 19:35
111104100122,비봉길,1,서울특별시,db9292@naver.com,2020-03-16 19:35
111104100123,사직로10길,0,서울특별시,db9292@naver.com,2020-03-16 19:35
111104100123,사직로10길,1,서울특별시,db9292@naver.com,2020-03-16 19:35
111104100123,사직로10길,2,서울특별시,db9292@naver.com,2020-03-16 19:35
111104100124,사직로12길,0,서울특별시,db9292@naver.com,2020-03-16 19:35
111104100124,사직로12길,1,서울특별시,db9292@naver.com,2020-03-16 19:35
111104100125,사직로1가길,0,서울특별시,db9292@naver.com,2020-03-16 19:35
111104100125,사직로1가길,1,서울특별시,db9292@naver.com,2020-03-16 19:35
111104100126,사직로1길,0,서울특별시,db9292@naver.com,2020-03-16 19:35
111104100126,사직로1길,1,서울특별시,db9292@naver.com,2020-03-16 19:35
111104100127,사직로1나길,0,서울특별시,db9292@naver.com,2020-03-16 19:35
111104100127,사직로1나길,1,서울특별시,db9292@naver.com,2020-03-16 19:35
111104100128,사직로1다길,0,서울특별시,db9292@naver.com,2020-03-16 19:35
111104100128,사직로1다길,1,서울특별시,db9292@naver.com,2020-03-16 19:35
111104100129,사직로1라길,0,서울특별시,db9292@naver.com,2020-03-16 19:35
111104100129,사직로1라길,1,서울특별시,db9292@naver.com,2020-03-16 19:35
111104100130,사직로1마길,0,서울특별시,db9292@naver.com,2020-03-16 19:35
111104100130,사직로1마길,1,서울특별시,db9292@naver.com,2020-03-16 19:35
111104100131,사직로2길,0,서울특별시,db9292@naver.com,2020-03-16 19:35
111104100131,사직로2길,1,서울특별시,db9292@naver.com,2020-03-16 19:35
111104100132,사직로5길,0,서울특별시,db9292@naver.com,2020-03-16 19:35
111104100132,사직로5길,1,서울특별시,db9292@naver.com,2020-03-16 19:35
111104100133,사직로6길,0,서울특별시,db9292@naver.com,2020-03-16 19:35
111104100133,사직로6길,1,서울특별시,db9292@naver.com,2020-03-16 19:35
111104100133,사직로6길,2,서울특별시,db9292@naver.com,2020-03-16 19:35
111104100134,사직로7길,0,서울특별시,db9292@naver.com,2020-03-16 19:35
111104100134,사직로7길,1,서울특별시,db9292@naver.com,2020-03-16 19:35
111104100135,사직로8길,0,서울특별시,db9292@naver.com,2020-03-16 19:35
111104100135,사직로8길,1,서울특별시,db9292@naver.com,2020-03-16 19:35
111104100135,사직로8길,2,서울특별시,db9292@naver.com,2020-03-16 19:35
111104100135,사직로8길,3,서울특별시,db9292@naver.com,2020-03-16 19:35
111104100135,사직로8길,4,서울특별시,db9292@naver.com,2020-03-16 19:35
111104100135,사직로8길,5,서울특별시,db9292@naver.com,2020-03-16 19:35
111104100135,사직로8길,6,서울특별시,db9292@naver.com,2020-03-16 19:35
111104100135,사직로8길,7,서울특별시,db9292@naver.com,2020-03-16 19:35
111104100136,사직로9가길,0,서울특별시,db9292@naver.com,2020-03-16 19:35
111104100136,사직로9가길,1,서울특별시,db9292@naver.com,2020-03-16 19:35
111104100137,사직로9길,0,서울특별시,db9292@naver.com,2020-03-16 19:35
111104100137,사직로9길,1,서울특별시,db9292@naver.com,2020-03-16 19:35
111104100137,사직로9길,2,서울특별시,db9292@naver.com,2020-03-16 19:35
111104100139,삼일대로15길,0,서울특별시,db9292@naver.com,2020-03-16 19:35
111104100139,삼일대로15길,1,서울특별시,db9292@naver.com,2020-03-16 19:35
111104100140,삼일대로17길,0,서울특별시,db9292@naver.com,2020-03-16 19:35
111104100140,삼일대로17길,1,서울특별시,db9292@naver.com,2020-03-16 19:35
111104100141,삼일대로19길,0,서울특별시,db9292@naver.com,2020-03-16 19:35
111104100141,삼일대로19길,1,서울특별시,db9292@naver.com,2020-03-16 19:35
111104100142,삼일대로20길,0,서울특별시,db9292@naver.com,2020-03-16 19:35
111104100142,삼일대로20길,1,서울특별시,db9292@naver.com,2020-03-16 19:35
111104100142,삼일대로20길,2,서울특별시,db9292@naver.com,2020-03-16 19:35
111104100143,삼일대로26길,0,서울특별시,db9292@naver.com,2020-03-16 19:35
111104100143,삼일대로26길,1,서울특별시,db9292@naver.com,2020-03-16 19:35
111104100144,삼일대로28길,0,서울특별시,db9292@naver.com,2020-03-16 19:35
111104100144,삼일대로28길,1,서울특별시,db9292@naver.com,2020-03-16 19:35
111104100145,삼일대로30길,0,서울특별시,db9292@naver.com,2020-03-16 19:35
111104100145,삼일대로30길,1,서울특별시,db9292@naver.com,2020-03-16 19:35
111104100145,삼일대로30길,2,서울특별시,db9292@naver.com,2020-03-16 19:35
111104100145,삼일대로30길,3,서울특별시,db9292@naver.com,2020-03-16 19:35
111104100146,삼일대로32가길,0,서울특별시,db9292@naver.com,2020-03-16 19:35
111104100146,삼일대로32가길,1,서울특별시,db9292@naver.com,2020-03-16 19:35
111104100147,삼일대로32길,0,서울특별시,db9292@naver.com,2020-03-16 19:35
111104100147,삼일대로32길,1,서울특별시,db9292@naver.com,2020-03-16 19:35
111104100147,삼일대로32길,2,서울특별시,db9292@naver.com,2020-03-16 19:35
111104100147,삼일대로32길,3,서울특별시,db9292@naver.com,2020-03-16 19:35
111104100148,삼청로10길,0,서울특별시,db9292@naver.com,2020-03-16 19:35
111104100148,삼청로10길,1,서울특별시,db9292@naver.com,2020-03-16 19:35
111104100149,삼청로11길,0,서울특별시,db9292@naver.com,2020-03-16 19:35
111104100149,삼청로11길,1,서울특별시,db9292@naver.com,2020-03-16 19:35
111104100150,삼청로2길,0,서울특별시,db9292@naver.com,2020-03-16 19:35
111104100150,삼청로2길,1,서울특별시,db9292@naver.com,2020-03-16 19:35
111104100151,삼청로4길,0,서울특별시,db9292@naver.com,2020-03-16 19:35
111104100151,삼청로4길,1,서울특별시,db9292@naver.com,2020-03-16 19:35
111104100151,삼청로4길,2,서울특별시,db9292@naver.com,2020-03-16 19:35
111104100152,삼청로5길,0,서울특별시,db9292@naver.com,2020-03-16 19:35
111104100152,삼청로5길,1,서울특별시,db9292@naver.com,2020-03-16 19:35
111104100153,삼청로7가길,0,서울특별시,db9292@naver.com,2020-03-16 19:35
111104100153,삼청로7가길,1,서울특별시,db9292@naver.com,2020-03-16 19:35
111104100153,삼청로7가길,2,서울특별시,db9292@naver.com,2020-03-16 19:35
111104100154,삼청로7길,0,서울특별시,db9292@naver.com,2020-03-16 19:35
111104100154,삼청로7길,1,서울특별시,db9292@naver.com,2020-03-16 19:35
111104100154,삼청로7길,2,서울특별시,db9292@naver.com,2020-03-16 19:35
111104100155,삼청로7나길,0,서울특별시,db9292@naver.com,2020-03-16 19:35
111104100155,삼청로7나길,1,서울특별시,db9292@naver.com,2020-03-16 19:35
111104100156,삼청로9길,0,서울특별시,db9292@naver.com,2020-03-16 19:35
111104100156,삼청로9길,1,서울특별시,db9292@naver.com,2020-03-16 19:35
111104100157,새문안로2길,0,서울특별시,db9292@naver.com,2020-03-16 19:35
111104100157,새문안로2길,1,서울특별시,db9292@naver.com,2020-03-16 19:35
111104100157,새문안로2길,2,서울특별시,db9292@naver.com,2020-03-16 19:35
111104100158,새문안로3길,0,서울특별시,db9292@naver.com,2020-03-16 19:35
111104100158,새문안로3길,1,서울특별시,db9292@naver.com,2020-03-16 19:35
111104100158,새문안로3길,2,서울특별시,db9292@naver.com,2020-03-16 19:35
111104100158,새문안로3길,3,서울특별시,db9292@naver.com,2020-03-16 19:35
111104100159,새문안로5가길,0,서울특별시,db9292@naver.com,2020-03-16 19:35
111104100159,새문안로5가길,1,서울특별시,db9292@naver.com,2020-03-16 19:35
111104100159,새문안로5가길,2,서울특별시,db9292@naver.com,2020-03-16 19:35
111104100159,새문안로5가길,3,서울특별시,db9292@naver.com,2020-03-16 19:35
111104100159,새문안로5가길,4,서울특별시,db9292@naver.com,2020-03-16 19:35
111104100159,새문안로5가길,5,서울특별시,db9292@naver.com,2020-03-16 19:35
111104100160,새문안로5길,0,서울특별시,db9292@naver.com,2020-03-16 19:35
111104100160,새문안로5길,1,서울특별시,db9292@naver.com,2020-03-16 19:35
111104100160,새문안로5길,2,서울특별시,db9292@naver.com,2020-03-16 19:35
111104100160,새문안로5길,3,서울특별시,db9292@naver.com,2020-03-16 19:35
111104100160,새문안로5길,4,서울특별시,db9292@naver.com,2020-03-16 19:35
111104100161,새문안로7길,0,서울특별시,db9292@naver.com,2020-03-16 19:35
111104100161,새문안로7길,1,서울특별시,db9292@naver.com,2020-03-16 19:35
111104100161,새문안로7길,2,서울특별시,db9292@naver.com,2020-03-16 19:35
111104100162,새문안로9길,0,서울특별시,db9292@naver.com,2020-03-16 19:35
111104100162,새문안로9길,1,서울특별시,db9292@naver.com,2020-03-16 19:35
111104100162,새문안로9길,2,서울특별시,db9292@naver.com,2020-03-16 19:35
111104100162,새문안로9길,3,서울특별시,db9292@naver.com,2020-03-16 19:35
111104100162,새문안로9길,4,서울특별시,db9292@naver.com,2020-03-16 19:35
111104100163,서순라길,0,서울특별시,db9292@naver.com,2020-03-16 19:35
111104100163,서순라길,1,서울특별시,db9292@naver.com,2020-03-16 19:35
111104100163,서순라길,2,서울특별시,db9292@naver.com,2020-03-16 19:35
111104100163,서순라길,3,서울특별시,db9292@naver.com,2020-03-16 19:35
111104100164,성균관로10길,0,서울특별시,db9292@naver.com,2020-03-16 19:35
111104100164,성균관로10길,1,서울특별시,db9292@naver.com,2020-03-16 19:35
111104100165,성균관로13길,0,서울특별시,db9292@naver.com,2020-03-16 19:35
111104100165,성균관로13길,1,서울특별시,db9292@naver.com,2020-03-16 19:35
111104100165,성균관로13길,2,서울특별시,db9292@naver.com,2020-03-16 19:35
111104100166,성균관로14길,0,서울특별시,db9292@naver.com,2020-03-16 19:35
111104100166,성균관로14길,1,서울특별시,db9292@naver.com,2020-03-16 19:35
111104100167,성균관로15가길,0,서울특별시,db9292@naver.com,2020-03-16 19:35
111104100167,성균관로15가길,1,서울특별시,db9292@naver.com,2020-03-16 19:35
111104100168,성균관로15길,0,서울특별시,db9292@naver.com,2020-03-16 19:35
111104100168,성균관로15길,1,서울특별시,db9292@naver.com,2020-03-16 19:35
111104100168,성균관로15길,2,서울특별시,db9292@naver.com,2020-03-16 19:35
111104100169,성균관로15나길,0,서울특별시,db9292@naver.com,2020-03-16 19:35
111104100169,성균관로15나길,1,서울특별시,db9292@naver.com,2020-03-16 19:35
111104100170,성균관로16길,0,서울특별시,db9292@naver.com,2020-03-16 19:35
111104100170,성균관로16길,1,서울특별시,db9292@naver.com,2020-03-16 19:35
111104100171,성균관로17길,0,서울특별시,db9292@naver.com,2020-03-16 19:35
111104100171,성균관로17길,1,서울특별시,db9292@naver.com,2020-03-16 19:35
111104100172,성균관로1길,0,서울특별시,db9292@naver.com,2020-03-16 19:35
111104100172,성균관로1길,1,서울특별시,db9292@naver.com,2020-03-16 19:35
111104100173,성균관로3길,0,서울특별시,db9292@naver.com,2020-03-16 19:35
111104100173,성균관로3길,1,서울특별시,db9292@naver.com,2020-03-16 19:35
111104100174,성균관로4길,0,서울특별시,db9292@naver.com,2020-03-16 19:35
111104100174,성균관로4길,1,서울특별시,db9292@naver.com,2020-03-16 19:35
111104100175,성균관로5가길,0,서울특별시,db9292@naver.com,2020-03-16 19:35
111104100175,성균관로5가길,1,서울특별시,db9292@naver.com,2020-03-16 19:35
111104100176,성균관로5길,0,서울특별시,db9292@naver.com,2020-03-16 19:35
111104100176,성균관로5길,1,서울특별시,db9292@naver.com,2020-03-16 19:35
111104100176,성균관로5길,2,서울특별시,db9292@naver.com,2020-03-16 19:35
111104100176,성균관로5길,3,서울특별시,db9292@naver.com,2020-03-16 19:35
111104100177,성균관로6길,0,서울특별시,db9292@naver.com,2020-03-16 19:35
111104100177,성균관로6길,1,서울특별시,db9292@naver.com,2020-03-16 19:35
111104100178,성균관로7길,0,서울특별시,db9292@naver.com,2020-03-16 19:35
111104100178,성균관로7길,1,서울특별시,db9292@naver.com,2020-03-16 19:35
111104100179,성균관로9길,0,서울특별시,db9292@naver.com,2020-03-16 19:35
111104100179,성균관로9길,1,서울특별시,db9292@naver.com,2020-03-16 19:35
111104100179,성균관로9길,2,서울특별시,db9292@naver.com,2020-03-16 19:35
111104100180,세검정로6가길,0,서울특별시,db9292@naver.com,2020-03-16 19:35
111104100180,세검정로6가길,1,서울특별시,db9292@naver.com,2020-03-16 19:35
111104100181,세검정로6길,0,서울특별시,db9292@naver.com,2020-03-16 19:35
111104100181,세검정로6길,1,서울특별시,db9292@naver.com,2020-03-16 19:35
111104100181,세검정로6길,2,서울특별시,db9292@naver.com,2020-03-16 19:35
111104100182,세검정로6나길,0,서울특별시,db9292@naver.com,2020-03-16 19:35
111104100182,세검정로6나길,1,서울특별시,db9292@naver.com,2020-03-16 19:35
111104100183,세검정로6다길,0,서울특별시,db9292@naver.com,2020-03-16 19:35
111104100183,세검정로6다길,1,서울특별시,db9292@naver.com,2020-03-16 19:35
111104100183,세검정로6다길,2,서울특별시,db9292@naver.com,2020-03-16 19:35
111104100184,세검정로6라길,0,서울특별시,db9292@naver.com,2020-03-16 19:35
111104100184,세검정로6라길,1,서울특별시,db9292@naver.com,2020-03-16 19:35
111104100185,세검정로7가길,0,서울특별시,db9292@naver.com,2020-03-16 19:35
111104100185,세검정로7가길,1,서울특별시,db9292@naver.com,2020-03-16 19:35
111104100186,세검정로7길,0,서울특별시,db9292@naver.com,2020-03-16 19:35
111104100186,세검정로7길,1,서울특별시,db9292@naver.com,2020-03-16 19:35
111104100187,세검정로7나길,0,서울특별시,db9292@naver.com,2020-03-16 19:35
111104100187,세검정로7나길,1,서울특별시,db9292@naver.com,2020-03-16 19:35
111104100187,세검정로7나길,2,서울특별시,db9292@naver.com,2020-03-16 19:35
111104100188,세검정로9길,0,서울특별시,db9292@naver.com,2020-03-16 19:35
111104100188,세검정로9길,1,서울특별시,db9292@naver.com,2020-03-16 19:35
111104100188,세검정로9길,2,서울특별시,db9292@naver.com,2020-03-16 19:35
111104100189,세종대로21길,0,서울특별시,db9292@naver.com,2020-03-16 19:35
111104100189,세종대로21길,1,서울특별시,db9292@naver.com,2020-03-16 19:35
111104100190,세종대로23길,0,서울특별시,db9292@naver.com,2020-03-16 19:35
111104100190,세종대로23길,1,서울특별시,db9292@naver.com,2020-03-16 19:35
111104100190,세종대로23길,2,서울특별시,db9292@naver.com,2020-03-16 19:35
111104100190,세종대로23길,3,서울특별시,db9292@naver.com,2020-03-16 19:35
111104100191,송월1길,0,서울특별시,db9292@naver.com,2020-03-16 19:35
111104100191,송월1길,1,서울특별시,db9292@naver.com,2020-03-16 19:35
111104100191,송월1길,2,서울특별시,db9292@naver.com,2020-03-16 19:35
111104100191,송월1길,3,서울특별시,db9292@naver.com,2020-03-16 19:35
111104100191,송월1길,4,서울특별시,db9292@naver.com,2020-03-16 19:35
111104100192,송월길,0,서울특별시,db9292@naver.com,2020-03-16 19:35
111104100192,송월길,1,서울특별시,db9292@naver.com,2020-03-16 19:35
111104100192,송월길,2,서울특별시,db9292@naver.com,2020-03-16 19:35
111104100192,송월길,3,서울특별시,db9292@naver.com,2020-03-16 19:35
111104100192,송월길,4,서울특별시,db9292@naver.com,2020-03-16 19:35
111104100192,송월길,5,서울특별시,db9292@naver.com,2020-03-16 19:35
111104100192,송월길,6,서울특별시,db9292@naver.com,2020-03-16 19:35
111104100192,송월길,7,서울특별시,db9292@naver.com,2020-03-16 19:35
111104100193,수표로18가길,0,서울특별시,db9292@naver.com,2020-03-16 19:35
111104100193,수표로18가길,1,서울특별시,db9292@naver.com,2020-03-16 19:35
111104100194,수표로18길,0,서울특별시,db9292@naver.com,2020-03-16 19:35
111104100194,수표로18길,1,서울특별시,db9292@naver.com,2020-03-16 19:35
111104100195,수표로20길,0,서울특별시,db9292@naver.com,2020-03-16 19:35
111104100195,수표로20길,1,서울특별시,db9292@naver.com,2020-03-16 19:35
111104100195,수표로20길,2,서울특별시,db9292@naver.com,2020-03-16 19:35
111104100196,수표로22길,0,서울특별시,db9292@naver.com,2020-03-16 19:35
111104100196,수표로22길,1,서울특별시,db9292@naver.com,2020-03-16 19:35
111104100196,수표로22길,2,서울특별시,db9292@naver.com,2020-03-16 19:35
111104100197,수표로26길,0,서울특별시,db9292@naver.com,2020-03-16 19:35
111104100197,수표로26길,1,서울특별시,db9292@naver.com,2020-03-16 19:35
111104100197,수표로26길,2,서울특별시,db9292@naver.com,2020-03-16 19:35
111104100198,수표로28길,0,서울특별시,db9292@naver.com,2020-03-16 19:35
111104100198,수표로28길,1,서울특별시,db9292@naver.com,2020-03-16 19:35
111104100198,수표로28길,2,서울특별시,db9292@naver.com,2020-03-16 19:35
111104100198,수표로28길,3,서울특별시,db9292@naver.com,2020-03-16 19:35
111104100199,숭인동1가길,0,서울특별시,db9292@naver.com,2020-03-16 19:35
111104100199,숭인동1가길,1,서울특별시,db9292@naver.com,2020-03-16 19:35
111104100200,숭인동1길,0,서울특별시,db9292@naver.com,2020-03-16 19:35
111104100200,숭인동1길,1,서울특별시,db9292@naver.com,2020-03-16 19:35
111104100201,숭인동1나길,0,서울특별시,db9292@naver.com,2020-03-16 19:35
111104100201,숭인동1나길,1,서울특별시,db9292@naver.com,2020-03-16 19:35
111104100202,숭인동1다길,0,서울특별시,db9292@naver.com,2020-03-16 19:35
111104100202,숭인동1다길,1,서울특별시,db9292@naver.com,2020-03-16 19:35
111104100203,숭인동2길,0,서울특별시,db9292@naver.com,2020-03-16 19:35
111104100203,숭인동2길,1,서울특별시,db9292@naver.com,2020-03-16 19:35
111104100204,숭인동길,0,서울특별시,db9292@naver.com,2020-03-16 19:35
111104100204,숭인동길,1,서울특별시,db9292@naver.com,2020-03-16 19:35
111104100205,옥인1길,0,서울특별시,db9292@naver.com,2020-03-16 19:35
111104100205,옥인1길,1,서울특별시,db9292@naver.com,2020-03-16 19:35
111104100206,옥인2길,0,서울특별시,db9292@naver.com,2020-03-16 19:35
111104100206,옥인2길,1,서울특별시,db9292@naver.com,2020-03-16 19:35
111104100207,옥인3길,0,서울특별시,db9292@naver.com,2020-03-16 19:35
111104100207,옥인3길,1,서울특별시,db9292@naver.com,2020-03-16 19:35
111104100208,옥인4길,0,서울특별시,db9292@naver.com,2020-03-16 19:35
111104100208,옥인4길,1,서울특별시,db9292@naver.com,2020-03-16 19:35
111104100209,옥인5길,0,서울특별시,db9292@naver.com,2020-03-16 19:35
111104100209,옥인5길,1,서울특별시,db9292@naver.com,2020-03-16 19:35
111104100209,옥인5길,2,서울특별시,db9292@naver.com,2020-03-16 19:35
111104100210,옥인6가길,0,서울특별시,db9292@naver.com,2020-03-16 19:35
111104100210,옥인6가길,1,서울특별시,db9292@naver.com,2020-03-16 19:35
111104100211,옥인6길,0,서울특별시,db9292@naver.com,2020-03-16 19:35
111104100211,옥인6길,1,서울특별시,db9292@naver.com,2020-03-16 19:35
111104100212,옥인길,0,서울특별시,db9292@naver.com,2020-03-16 19:35
111104100212,옥인길,1,서울특별시,db9292@naver.com,2020-03-16 19:35
111104100212,옥인길,2,서울특별시,db9292@naver.com,2020-03-16 19:35
111104100212,옥인길,3,서울특별시,db9292@naver.com,2020-03-16 19:35
111104100213,와룡공원길,0,서울특별시,db9292@naver.com,2020-03-16 19:35
111104100213,와룡공원길,1,서울특별시,db9292@naver.com,2020-03-16 19:35
111104100213,와룡공원길,2,서울특별시,db9292@naver.com,2020-03-16 19:35
111104100213,와룡공원길,3,서울특별시,db9292@naver.com,2020-03-16 19:35
111104100214,우정국로2길,0,서울특별시,db9292@naver.com,2020-03-16 19:35
111104100214,우정국로2길,1,서울특별시,db9292@naver.com,2020-03-16 19:35
111104100215,윤보선길,0,서울특별시,db9292@naver.com,2020-03-16 19:35
111104100215,윤보선길,1,서울특별시,db9292@naver.com,2020-03-16 19:35
111104100215,윤보선길,2,서울특별시,db9292@naver.com,2020-03-16 19:35
111104100216,율곡로10길,0,서울특별시,db9292@naver.com,2020-03-16 19:35
111104100216,율곡로10길,1,서울특별시,db9292@naver.com,2020-03-16 19:35
111104100216,율곡로10길,2,서울특별시,db9292@naver.com,2020-03-16 19:35
111104100216,율곡로10길,3,서울특별시,db9292@naver.com,2020-03-16 19:35
111104100216,율곡로10길,4,서울특별시,db9292@naver.com,2020-03-16 19:35
111104100217,율곡로13가길,0,서울특별시,db9292@naver.com,2020-03-16 19:35
111104100217,율곡로13가길,1,서울특별시,db9292@naver.com,2020-03-16 19:35
111104100218,율곡로13길,0,서울특별시,db9292@naver.com,2020-03-16 19:35
111104100218,율곡로13길,1,서울특별시,db9292@naver.com,2020-03-16 19:35
111104100219,율곡로14길,0,서울특별시,db9292@naver.com,2020-03-16 19:35
111104100219,율곡로14길,1,서울특별시,db9292@naver.com,2020-03-16 19:35
111104100219,율곡로14길,2,서울특별시,db9292@naver.com,2020-03-16 19:35
111104100219,율곡로14길,3,서울특별시,db9292@naver.com,2020-03-16 19:35
111104100219,율곡로14길,4,서울특별시,db9292@naver.com,2020-03-16 19:35
111104100220,율곡로16길,0,서울특별시,db9292@naver.com,2020-03-16 19:35
111104100220,율곡로16길,1,서울특별시,db9292@naver.com,2020-03-16 19:35
111104100220,율곡로16길,2,서울특별시,db9292@naver.com,2020-03-16 19:35
111104100221,율곡로17길,0,서울특별시,db9292@naver.com,2020-03-16 19:35
111104100221,율곡로17길,1,서울특별시,db9292@naver.com,2020-03-16 19:35
111104100222,율곡로19가길,0,서울특별시,db9292@naver.com,2020-03-16 19:35
111104100222,율곡로19가길,1,서울특별시,db9292@naver.com,2020-03-16 19:35
111104100223,율곡로19길,0,서울특별시,db9292@naver.com,2020-03-16 19:35
111104100223,율곡로19길,1,서울특별시,db9292@naver.com,2020-03-16 19:35
111104100223,율곡로19길,2,서울특별시,db9292@naver.com,2020-03-16 19:35
111104100224,율곡로1길,0,서울특별시,db9292@naver.com,2020-03-16 19:35
111104100224,율곡로1길,1,서울특별시,db9292@naver.com,2020-03-16 19:35
111104100224,율곡로1길,2,서울특별시,db9292@naver.com,2020-03-16 19:35
111104100224,율곡로1길,3,서울특별시,db9292@naver.com,2020-03-16 19:35
111104100225,율곡로20길,0,서울특별시,db9292@naver.com,2020-03-16 19:35
111104100225,율곡로20길,1,서울특별시,db9292@naver.com,2020-03-16 19:35
111104100226,율곡로22가길,0,서울특별시,db9292@naver.com,2020-03-16 19:35
111104100226,율곡로22가길,1,서울특별시,db9292@naver.com,2020-03-16 19:35
111104100227,율곡로22길,0,서울특별시,db9292@naver.com,2020-03-16 19:35
111104100227,율곡로22길,1,서울특별시,db9292@naver.com,2020-03-16 19:35
111104100228,율곡로22나길,0,서울특별시,db9292@naver.com,2020-03-16 19:35
111104100228,율곡로22나길,1,서울특별시,db9292@naver.com,2020-03-16 19:35
111104100229,율곡로23가길,0,서울특별시,db9292@naver.com,2020-03-16 19:35
111104100229,율곡로23가길,1,서울특별시,db9292@naver.com,2020-03-16 19:35
111104100230,율곡로23길,0,서울특별시,db9292@naver.com,2020-03-16 19:35
111104100230,율곡로23길,1,서울특별시,db9292@naver.com,2020-03-16 19:35
111104100230,율곡로23길,2,서울특별시,db9292@naver.com,2020-03-16 19:35
111104100231,율곡로25길,0,서울특별시,db9292@naver.com,2020-03-16 19:35
111104100231,율곡로25길,1,서울특별시,db9292@naver.com,2020-03-16 19:35
111104100232,율곡로27길,0,서울특별시,db9292@naver.com,2020-03-16 19:35
111104100232,율곡로27길,1,서울특별시,db9292@naver.com,2020-03-16 19:35
111104100233,율곡로29길,0,서울특별시,db9292@naver.com,2020-03-16 19:35
111104100233,율곡로29길,1,서울특별시,db9292@naver.com,2020-03-16 19:35
111104100233,율곡로29길,2,서울특별시,db9292@naver.com,2020-03-16 19:35
111104100234,율곡로2길,0,서울특별시,db9292@naver.com,2020-03-16 19:35
111104100234,율곡로2길,1,서울특별시,db9292@naver.com,2020-03-16 19:35
111104100234,율곡로2길,2,서울특별시,db9292@naver.com,2020-03-16 19:35
111104100235,율곡로30길,0,서울특별시,db9292@naver.com,2020-03-16 19:35
111104100235,율곡로30길,1,서울특별시,db9292@naver.com,2020-03-16 19:35
111104100236,율곡로3길,0,서울특별시,db9292@naver.com,2020-03-16 19:35
111104100236,율곡로3길,1,서울특별시,db9292@naver.com,2020-03-16 19:35
111104100236,율곡로3길,2,서울특별시,db9292@naver.com,2020-03-16 19:35
111104100236,율곡로3길,3,서울특별시,db9292@naver.com,2020-03-16 19:35
111104100236,율곡로3길,4,서울특별시,db9292@naver.com,2020-03-16 19:35
111104100237,율곡로4길,0,서울특별시,db9292@naver.com,2020-03-16 19:35
111104100237,율곡로4길,1,서울특별시,db9292@naver.com,2020-03-16 19:35
111104100237,율곡로4길,2,서울특별시,db9292@naver.com,2020-03-16 19:35
111104100238,율곡로5길,0,서울특별시,db9292@naver.com,2020-03-16 19:35
111104100238,율곡로5길,1,서울특별시,db9292@naver.com,2020-03-16 19:35
111104100239,율곡로6길,0,서울특별시,db9292@naver.com,2020-03-16 19:35
111104100239,율곡로6길,1,서울특별시,db9292@naver.com,2020-03-16 19:35
111104100240,율곡로8길,0,서울특별시,db9292@naver.com,2020-03-16 19:35
111104100240,율곡로8길,1,서울특별시,db9292@naver.com,2020-03-16 19:35
111104100240,율곡로8길,2,서울특별시,db9292@naver.com,2020-03-16 19:35
111104100241,이화장1가길,0,서울특별시,db9292@naver.com,2020-03-16 19:35
111104100241,이화장1가길,1,서울특별시,db9292@naver.com,2020-03-16 19:35
111104100242,이화장1길,0,서울특별시,db9292@naver.com,2020-03-16 19:35
111104100242,이화장1길,1,서울특별시,db9292@naver.com,2020-03-16 19:35
111104100243,이화장1나길,0,서울특별시,db9292@naver.com,2020-03-16 19:35
111104100243,이화장1나길,1,서울특별시,db9292@naver.com,2020-03-16 19:35
111104100244,이화장2길,0,서울특별시,db9292@naver.com,2020-03-16 19:35
111104100244,이화장2길,1,서울특별시,db9292@naver.com,2020-03-16 19:35
111104100244,이화장2길,2,서울특별시,db9292@naver.com,2020-03-16 19:35
111104100245,이화장길,0,서울특별시,db9292@naver.com,2020-03-16 19:35
111104100245,이화장길,1,서울특별시,db9292@naver.com,2020-03-16 19:35
111104100245,이화장길,2,서울특별시,db9292@naver.com,2020-03-16 19:35
111104100246,인사동10길,0,서울특별시,db9292@naver.com,2020-03-16 19:35
111104100246,인사동10길,1,서울특별시,db9292@naver.com,2020-03-16 19:35
111104100246,인사동10길,2,서울특별시,db9292@naver.com,2020-03-16 19:35
111104100247,인사동11길,0,서울특별시,db9292@naver.com,2020-03-16 19:35
111104100247,인사동11길,1,서울특별시,db9292@naver.com,2020-03-16 19:35
111104100247,인사동11길,2,서울특별시,db9292@naver.com,2020-03-16 19:35
111104100248,인사동12길,0,서울특별시,db9292@naver.com,2020-03-16 19:35
111104100248,인사동12길,1,서울특별시,db9292@naver.com,2020-03-16 19:35
111104100249,인사동14길,0,서울특별시,db9292@naver.com,2020-03-16 19:35
111104100249,인사동14길,1,서울특별시,db9292@naver.com,2020-03-16 19:35
111104100250,인사동16길,0,서울특별시,db9292@naver.com,2020-03-16 19:35
111104100250,인사동16길,1,서울특별시,db9292@naver.com,2020-03-16 19:35
111104100251,인사동1길,0,서울특별시,db9292@naver.com,2020-03-16 19:35
111104100251,인사동1길,1,서울특별시,db9292@naver.com,2020-03-16 19:35
111104100252,인사동3길,0,서울특별시,db9292@naver.com,2020-03-16 19:35
111104100252,인사동3길,1,서울특별시,db9292@naver.com,2020-03-16 19:35
111104100253,인사동4길,0,서울특별시,db9292@naver.com,2020-03-16 19:35
111104100253,인사동4길,1,서울특별시,db9292@naver.com,2020-03-16 19:35
111104100253,인사동4길,2,서울특별시,db9292@naver.com,2020-03-16 19:35
111104100253,인사동4길,3,서울특별시,db9292@naver.com,2020-03-16 19:35
111104100254,인사동5길,0,서울특별시,db9292@naver.com,2020-03-16 19:35
111104100254,인사동5길,1,서울특별시,db9292@naver.com,2020-03-16 19:35
111104100254,인사동5길,2,서울특별시,db9292@naver.com,2020-03-16 19:35
111104100254,인사동5길,3,서울특별시,db9292@naver.com,2020-03-16 19:35
111104100255,인사동6길,0,서울특별시,db9292@naver.com,2020-03-16 19:35
111104100255,인사동6길,1,서울특별시,db9292@naver.com,2020-03-16 19:35
111104100255,인사동6길,2,서울특별시,db9292@naver.com,2020-03-16 19:35
111104100256,인사동7길,0,서울특별시,db9292@naver.com,2020-03-16 19:35
111104100256,인사동7길,1,서울특별시,db9292@naver.com,2020-03-16 19:35
111104100257,인사동8길,0,서울특별시,db9292@naver.com,2020-03-16 19:35
111104100257,인사동8길,1,서울특별시,db9292@naver.com,2020-03-16 19:35
111104100257,인사동8길,2,서울특별시,db9292@naver.com,2020-03-16 19:35
111104100258,인사동9길,0,서울특별시,db9292@naver.com,2020-03-16 19:35
111104100258,인사동9길,1,서울특별시,db9292@naver.com,2020-03-16 19:35
111104100258,인사동9길,2,서울특별시,db9292@naver.com,2020-03-16 19:35
111104100259,인사동길,0,서울특별시,db9292@naver.com,2020-03-16 19:35
111104100259,인사동길,1,서울특별시,db9292@naver.com,2020-03-16 19:35
111104100259,인사동길,2,서울특별시,db9292@naver.com,2020-03-16 19:35
111104100259,인사동길,3,서울특별시,db9292@naver.com,2020-03-16 19:35
111104100259,인사동길,4,서울특별시,db9292@naver.com,2020-03-16 19:35
111104100260,인왕산로1가길,0,서울특별시,db9292@naver.com,2020-03-16 19:35
111104100260,인왕산로1가길,1,서울특별시,db9292@naver.com,2020-03-16 19:35
111104100261,인왕산로1길,0,서울특별시,db9292@naver.com,2020-03-16 19:35
111104100261,인왕산로1길,1,서울특별시,db9292@naver.com,2020-03-16 19:35
111104100261,인왕산로1길,2,서울특별시,db9292@naver.com,2020-03-16 19:35
111104100261,인왕산로1길,3,서울특별시,db9292@naver.com,2020-03-16 19:35
111104100262,자하문로10길,0,서울특별시,db9292@naver.com,2020-03-16 19:35
111104100262,자하문로10길,1,서울특별시,db9292@naver.com,2020-03-16 19:35
111104100262,자하문로10길,2,서울특별시,db9292@naver.com,2020-03-16 19:35
111104100263,자하문로11길,0,서울특별시,db9292@naver.com,2020-03-16 19:35
111104100263,자하문로11길,1,서울특별시,db9292@naver.com,2020-03-16 19:35
111104100264,자하문로12길,0,서울특별시,db9292@naver.com,2020-03-16 19:35
111104100264,자하문로12길,1,서울특별시,db9292@naver.com,2020-03-16 19:35
111104100265,자하문로13길,0,서울특별시,db9292@naver.com,2020-03-16 19:35
111104100265,자하문로13길,1,서울특별시,db9292@naver.com,2020-03-16 19:35
111104100266,자하문로14길,0,서울특별시,db9292@naver.com,2020-03-16 19:35
111104100266,자하문로14길,1,서울특별시,db9292@naver.com,2020-03-16 19:35
111104100267,자하문로15길,0,서울특별시,db9292@naver.com,2020-03-16 19:35
111104100267,자하문로15길,1,서울특별시,db9292@naver.com,2020-03-16 19:35
111104100268,자하문로16길,0,서울특별시,db9292@naver.com,2020-03-16 19:35
111104100268,자하문로16길,1,서울특별시,db9292@naver.com,2020-03-16 19:35
111104100268,자하문로16길,2,서울특별시,db9292@naver.com,2020-03-16 19:35
111104100269,자하문로17길,0,서울특별시,db9292@naver.com,2020-03-16 19:35
111104100269,자하문로17길,1,서울특별시,db9292@naver.com,2020-03-16 19:35
111104100269,자하문로17길,2,서울특별시,db9292@naver.com,2020-03-16 19:35
111104100270,자하문로19길,0,서울특별시,db9292@naver.com,2020-03-16 19:35
111104100270,자하문로19길,1,서울특별시,db9292@naver.com,2020-03-16 19:35
111104100271,자하문로1가길,0,서울특별시,db9292@naver.com,2020-03-16 19:35
111104100271,자하문로1가길,1,서울특별시,db9292@naver.com,2020-03-16 19:35
111104100272,자하문로1길,0,서울특별시,db9292@naver.com,2020-03-16 19:35
111104100272,자하문로1길,1,서울특별시,db9292@naver.com,2020-03-16 19:35
111104100272,자하문로1길,2,서울특별시,db9292@naver.com,2020-03-16 19:35
111104100272,자하문로1길,3,서울특별시,db9292@naver.com,2020-03-16 19:35
111104100273,자하문로1나길,0,서울특별시,db9292@naver.com,2020-03-16 19:35
111104100273,자하문로1나길,1,서울특별시,db9292@naver.com,2020-03-16 19:35
111104100274,자하문로1다길,0,서울특별시,db9292@naver.com,2020-03-16 19:35
111104100274,자하문로1다길,1,서울특별시,db9292@naver.com,2020-03-16 19:35
111104100275,자하문로1라길,0,서울특별시,db9292@naver.com,2020-03-16 19:35
111104100275,자하문로1라길,1,서울특별시,db9292@naver.com,2020-03-16 19:35
111104100276,자하문로21길,0,서울특별시,db9292@naver.com,2020-03-16 19:35
111104100276,자하문로21길,1,서울특별시,db9292@naver.com,2020-03-16 19:35
111104100277,자하문로23길,0,서울특별시,db9292@naver.com,2020-03-16 19:35
111104100277,자하문로23길,1,서울특별시,db9292@naver.com,2020-03-16 19:35
111104100278,자하문로24길,0,서울특별시,db9292@naver.com,2020-03-16 19:35
111104100278,자하문로24길,1,서울특별시,db9292@naver.com,2020-03-16 19:35
111104100278,자하문로24길,2,서울특별시,db9292@naver.com,2020-03-16 19:35
111104100279,자하문로26길,0,서울특별시,db9292@naver.com,2020-03-16 19:35
111104100279,자하문로26길,1,서울특별시,db9292@naver.com,2020-03-16 19:35
111104100279,자하문로26길,2,서울특별시,db9292@naver.com,2020-03-16 19:35
111104100280,자하문로28가길,0,서울특별시,db9292@naver.com,2020-03-16 19:35
111104100280,자하문로28가길,1,서울특별시,db9292@naver.com,2020-03-16 19:35
111104100281,자하문로28길,0,서울특별시,db9292@naver.com,2020-03-16 19:35
111104100281,자하문로28길,1,서울특별시,db9292@naver.com,2020-03-16 19:35
111104100281,자하문로28길,2,서울특별시,db9292@naver.com,2020-03-16 19:35
111104100282,자하문로2길,0,서울특별시,db9292@naver.com,2020-03-16 19:35
111104100282,자하문로2길,1,서울특별시,db9292@naver.com,2020-03-16 19:35
111104100282,자하문로2길,2,서울특별시,db9292@naver.com,2020-03-16 19:35
111104100283,자하문로30길,0,서울특별시,db9292@naver.com,2020-03-16 19:35
111104100283,자하문로30길,1,서울특별시,db9292@naver.com,2020-03-16 19:35
111104100284,자하문로33가길,0,서울특별시,db9292@naver.com,2020-03-16 19:35
111104100284,자하문로33가길,1,서울특별시,db9292@naver.com,2020-03-16 19:35
111104100285,자하문로33길,0,서울특별시,db9292@naver.com,2020-03-16 19:35
111104100285,자하문로33길,1,서울특별시,db9292@naver.com,2020-03-16 19:35
111104100285,자하문로33길,2,서울특별시,db9292@naver.com,2020-03-16 19:35
111104100286,자하문로33나길,0,서울특별시,db9292@naver.com,2020-03-16 19:35
111104100286,자하문로33나길,1,서울특별시,db9292@naver.com,2020-03-16 19:35
111104100287,자하문로33다길,0,서울특별시,db9292@naver.com,2020-03-16 19:35
111104100287,자하문로33다길,1,서울특별시,db9292@naver.com,2020-03-16 19:35
111104100288,자하문로35길,0,서울특별시,db9292@naver.com,2020-03-16 19:35
111104100288,자하문로35길,1,서울특별시,db9292@naver.com,2020-03-16 19:35
111104100289,자하문로36길,0,서울특별시,db9292@naver.com,2020-03-16 19:35
111104100289,자하문로36길,1,서울특별시,db9292@naver.com,2020-03-16 19:35
111104100290,자하문로37길,0,서울특별시,db9292@naver.com,2020-03-16 19:35
111104100290,자하문로37길,1,서울특별시,db9292@naver.com,2020-03-16 19:35
111104100291,자하문로38길,0,서울특별시,db9292@naver.com,2020-03-16 19:35
111104100291,자하문로38길,1,서울특별시,db9292@naver.com,2020-03-16 19:35
111104100292,자하문로40가길,0,서울특별시,db9292@naver.com,2020-03-16 19:35
111104100292,자하문로40가길,1,서울특별시,db9292@naver.com,2020-03-16 19:35
111104100293,자하문로40길,0,서울특별시,db9292@naver.com,2020-03-16 19:35
111104100293,자하문로40길,1,서울특별시,db9292@naver.com,2020-03-16 19:35
111104100294,자하문로41길,0,서울특별시,db9292@naver.com,2020-03-16 19:35
111104100294,자하문로41길,1,서울특별시,db9292@naver.com,2020-03-16 19:35
111104100294,자하문로41길,2,서울특별시,db9292@naver.com,2020-03-16 19:35
111104100295,자하문로42길,0,서울특별시,db9292@naver.com,2020-03-16 19:35
111104100295,자하문로42길,1,서울특별시,db9292@naver.com,2020-03-16 19:35
111104100295,자하문로42길,2,서울특별시,db9292@naver.com,2020-03-16 19:35
111104100296,자하문로43길,0,서울특별시,db9292@naver.com,2020-03-16 19:35
111104100296,자하문로43길,1,서울특별시,db9292@naver.com,2020-03-16 19:35
111104100296,자하문로43길,2,서울특별시,db9292@naver.com,2020-03-16 19:35
111104100297,자하문로45길,0,서울특별시,db9292@naver.com,2020-03-16 19:35
111104100297,자하문로45길,1,서울특별시,db9292@naver.com,2020-03-16 19:35
111104100298,자하문로4길,0,서울특별시,db9292@naver.com,2020-03-16 19:35
111104100298,자하문로4길,1,서울특별시,db9292@naver.com,2020-03-16 19:35
111104100299,자하문로5가길,0,서울특별시,db9292@naver.com,2020-03-16 19:35
111104100299,자하문로5가길,1,서울특별시,db9292@naver.com,2020-03-16 19:35
111104100300,자하문로5길,0,서울특별시,db9292@naver.com,2020-03-16 19:35
111104100300,자하문로5길,1,서울특별시,db9292@naver.com,2020-03-16 19:35
111104100300,자하문로5길,2,서울특별시,db9292@naver.com,2020-03-16 19:35
111104100301,자하문로6길,0,서울특별시,db9292@naver.com,2020-03-16 19:35
111104100301,자하문로6길,1,서울특별시,db9292@naver.com,2020-03-16 19:35
111104100302,자하문로7길,0,서울특별시,db9292@naver.com,2020-03-16 19:35
111104100302,자하문로7길,1,서울특별시,db9292@naver.com,2020-03-16 19:35
111104100302,자하문로7길,2,서울특별시,db9292@naver.com,2020-03-16 19:35
111104100302,자하문로7길,3,서울특별시,db9292@naver.com,2020-03-16 19:35
111104100303,자하문로8길,0,서울특별시,db9292@naver.com,2020-03-16 19:35
111104100303,자하문로8길,1,서울특별시,db9292@naver.com,2020-03-16 19:35
111104100304,자하문로9길,0,서울특별시,db9292@naver.com,2020-03-16 19:35
111104100304,자하문로9길,1,서울특별시,db9292@naver.com,2020-03-16 19:35
111104100304,자하문로9길,2,서울특별시,db9292@naver.com,2020-03-16 19:35
111104100305,종로10길,0,서울특별시,db9292@naver.com,2020-03-16 19:35
111104100305,종로10길,1,서울특별시,db9292@naver.com,2020-03-16 19:35
111104100306,종로11길,0,서울특별시,db9292@naver.com,2020-03-16 19:35
111104100306,종로11길,1,서울특별시,db9292@naver.com,2020-03-16 19:35
111104100307,종로12길,0,서울특별시,db9292@naver.com,2020-03-16 19:35
111104100307,종로12길,1,서울특별시,db9292@naver.com,2020-03-16 19:35
111104100308,종로14길,0,서울특별시,db9292@naver.com,2020-03-16 19:35
111104100308,종로14길,1,서울특별시,db9292@naver.com,2020-03-16 19:35
111104100309,종로16길,0,서울특별시,db9292@naver.com,2020-03-16 19:35
111104100309,종로16길,1,서울특별시,db9292@naver.com,2020-03-16 19:35
111104100309,종로16길,2,서울특별시,db9292@naver.com,2020-03-16 19:35
111104100310,종로17길,0,서울특별시,db9292@naver.com,2020-03-16 19:35
